,fit_time_mean,fit_time_std,score_time_mean,score_time_std,train_score_mean,train_score_std,test_score_mean,test_score_std
1,0.0023333333,0.0005773503,0.0523333333,0.0005773503,0.6509957558,0.0005654753,0.6545521292,0.0160480859
2,0.0133333333,0.0066583281,0.1786666667,0.0030550505,0.6563826314,0.0005097125,0.6674008811,0.0114452697
4,0.042333333,0.012858201,1.222333333,0.087231493,0.669319295,0.001958864,0.676211454,0.008810573
8,0.15133333,0.01703917,12.85866667,0.55960909,0.67968495,0.00240327,0.68355360,0.01276457
16,0.7350000,0.09787237,239.2627,2.676474,0.6814806,0.001775572,0.6820852,0.01394524
