,fit_time_mean,fit_time_std,score_time_mean,score_time_std,test_score_mean,test_score_std,train_score_mean,train_score_std
1,0.3751029173533122,0.013478345743516206,0.005266348520914714,0.0012992742088000964,0.5770925110132159,0.01665388578886011,0.5929236043095005,0.006455928863111928
2,0.5419316291809082,0.01033424567556266,0.006775617599487305,0.0005489537260932392,0.6270190895741558,0.008355217824332618,0.6285096310806398,0.0004724060113773357
4,1.3078293005625408,0.05090531802809225,0.014512936274210611,4.526786924729739e-05,0.6945668135095447,0.005850725936310267,0.6921727064968984,0.0026567059743323367
8,4.6647359530131025,0.4035310467909959,0.04678026835123698,0.0002880033496915651,0.7224669603524229,0.006484405922413985,0.7178011753183154,0.0016087498648732772
16,19.92992663383484,1.787359375505313,0.1688540776570638,0.0017645987083137105,0.750367107195301,0.011974674324743084,0.7445723147241267,0.0012892237184893315
32,70.0844513575236,3.7776109277828063,0.703855037689209,0.0037778264746872615,0.7492657856093979,0.01227478230345114,0.7451844596800522,0.0019850451366332715
64,376.4274835586548,17.48309957719571,5.489618380864461,0.3197317217950909,0.7569750367107195,0.008159365187552467,0.7509794319294808,0.0011265241382502605
128,5757.700280427933,224.64399803959267,43.876908461252846,2.7593572275492053,0.7544052863436123,0.008578062735350897,0.7533872020894549,0.00020808927169412868
