,fit_time_mean,fit_time_std,score_time_mean,score_time_std,test_score_mean,test_score_std,train_score_mean,train_score_std
1,0.24780893325805664,0.05772125946778221,0.0005572636922200521,4.551290707888561e-05,0.5947136563876652,0.005006674631786305,0.598922624877571,0.0008182312135065176
2,0.27771735191345215,0.015818795082187472,0.000583807627360026,2.6020292967521626e-05,0.6497797356828193,0.009388187850620002,0.644915115899445,0.0018816751360428395
4,0.2994097073872884,0.009594891477798932,0.0005985895792643229,3.986290830231105e-05,0.7033773861967694,0.006808824152346353,0.702252693437806,0.0005194222192849197
8,0.5794028441111246,0.010464257490715853,0.0008343855539957682,9.602742174144247e-07,0.75,0.005395351856350654,0.7459598432908913,0.0002644768486128208
16,1.4495184421539307,0.021390813502048484,0.0015090306599934895,3.1346578286932454e-05,0.7639500734214391,0.009007227713939303,0.7728942213516161,0.0025505223623897527
32,5.9728366533915205,0.0370719877494579,0.005396048227945964,0.0007371726228620547,0.7562408223201175,0.004249573018645465,0.7799542931766242,0.0014566249018588882
64,25.261754274368286,0.4454477294123817,0.02753297487894694,0.004584640380221217,0.751101321585903,0.00546977401826405,0.7873408423114593,0.003566587172125524
128,103.80396072069804,0.23495644745665423,1.6783180236816406,0.008804086405407596,0.7529368575624081,0.014453024732033446,0.8042360430950048,0.004013480526654993
