,fit_time_mean,fit_time_std,score_time_mean,score_time_std,test_score_mean,test_score_std,train_score_mean,train_score_std
1,0.31859668095906574,0.008592851817174528,0.0030517578125,0.000581267820791572,0.5133425477436926,0.01749655767769288,0.5135523726760783,0.0013026568058891782
2,0.2841140429178874,0.045654975527012524,0.0016036828358968098,0.00015355641396579887,0.5419785703801555,0.0014202611998244082,0.5504623874102283,0.002065234309108552
4,0.4316560427347819,0.005915123946718203,0.0025630791982014975,0.00019269141716563392,0.6587707848441006,0.007453029771017807,0.6658222433792492,0.0030515775157966144
8,0.8290177981058756,0.04724477979818697,0.006142218907674153,0.0015794047885156375,0.6929262800574998,0.0008323011312562843,0.7076911913329628,0.001861946842814934
16,3.5510413646698,0.021377591402483218,0.022153059641520183,0.007552140745505488,0.7096744319333487,0.0014118846907968739,0.7364477730334748,0.0012142289656341062
32,14.743427991867065,0.13099820183298322,0.11156105995178223,0.0061943776648963784,0.7249872733965645,0.002744537211427895,0.7666925228268586,0.001816475986939198
64,52.732895294825234,0.45157214482748864,0.4797664483388265,0.060650223642243116,0.7269734389670542,0.0038891871312724145,0.7934123035398096,0.0041980089368957195
128,1408.5601267814636,13.421300774858096,2.5624199708302817,1.5112268585041737,0.7306061998653369,0.004278943178432308,0.8151723860580438,0.005827959943141637
