,fit_time_mean,fit_time_std,score_time_mean,score_time_std,test_score_mean,test_score_std,train_score_mean,train_score_std
1,0.007662455240885417,0.0006717097911373135,0.002518335978190104,0.00044132029633882044,0.5663309406153968,0.004085542142680899,0.565392225346235,0.0021593830576507344
2,0.005605379740397136,0.0013194475255084975,0.007013638814290364,0.004567992367955874,0.579330423396914,0.002749044974845378,0.5805416840061035,0.0021829259401573084
4,0.007343610127766927,0.0005339050477133491,0.0055390199025472,0.001195966931881529,0.6020280439589114,0.001988919009536849,0.6017514579697879,0.0019444685068262604
8,0.30064066251118976,0.19483640044290382,0.09763185183207194,0.07625118349105837,0.6177815113030877,0.0027368035593125445,0.6176725579953163,0.0017409379473767353
16,0.12346720695495605,0.004337752652810905,0.11516777674357097,0.006077125842346003,0.6295710930783586,0.0023965715655902163,0.6296270797124509,0.0025495455776819494
32,2.2827130953470864,0.04070542741379787,0.4994506041208903,0.037777375375569376,0.6410278028232673,0.00563758588789167,0.6422420299788664,0.0043748076453189785
64,7.093279759089152,0.13020740358423633,2.8229700724283853,0.054195513495390556,0.6464268531914943,0.005297668558751335,0.6478067142379216,0.0029100588144407406
128,71.11401907602946,0.0020853740049480356,38.19777258237203,13.548059448589925,0.6465376649216368,0.004278246482828346,0.6485780277570871,0.0026182436921885588
