,fit_time_mean,fit_time_std,score_time_mean,score_time_std,test_score_mean,test_score_std,train_score_mean,train_score_std
1,0.005418618520100911,0.00128756024322235,0.0027136802673339844,0.0006357185708743856,0.5663309406153968,0.004085542142680899,0.565392225346235,0.0021593830576507344
2,0.005873362223307292,0.0009030638304042203,0.019455353418986004,0.015305274840659827,0.579330423396914,0.002749044974845378,0.5805416840061035,0.0021829259401573084
4,0.08177828788757324,0.050835844851007395,0.04625264803568522,0.020905394494235723,0.6020280439589114,0.001988919009536849,0.6017514579697879,0.0019444685068262604
8,0.5089566707611084,0.47044515639976653,0.4431157906850179,0.2775732012521385,0.6177815113030877,0.0027368035593125445,0.6176725579953163,0.0017409379473767353
16,0.3046012719472249,0.027727364517820687,0.7467028299967448,0.15778755564199282,0.6295710930783586,0.0023965715655902163,0.6296270797124509,0.0025495455776819494
32,5.741301377614339,0.025443688205720672,0.8688202699025472,0.06344923164203797,0.6410278028232673,0.00563758588789167,0.6422420299788664,0.0043748076453189785
64,26.435117721557617,0.007130243832353988,3.1874138514200845,0.003797530321292716,0.6464268531914943,0.005297668558751335,0.6478067142379216,0.0029100588144407406
128,409.23870635032654,0.4288055331203294,111.84504874547322,0.5253322788194714,0.6465376649216368,0.004278246482828346,0.6485780277570871,0.0026182436921885588
